id,concept,question,reference,baseline,qlora
1,masque causal,C'est quoi masque causal en NLP ?,Un masque causal empêche une position de consulter les tokens futurs. Il préserve ainsi la logique de prédiction autoregressive. À retenir : chaque prédiction ne dépend que du passé autorisé.,"Le masque causal est un concept important dans le domaine de l'Intelligence Artificielle, notamment dans les modèles de langage comme les Deep Learning. Il s'agit d'un type spécifique de modèle qui a pour but de reproduire la causalité dans les données.

En d'autres termes, un masque causal est un modèle qui cherche à comprendre comment les événements précédents peuvent influencer les événements suivants. Cela signifie qu'il analyse les relations entre les différents éléments d'une séquence de temps pour déterminer comment ces éléments sont liés entre eux.

Un exemple concret pourrait être un masque causal qui apprend à prédire les prix des actions sur le marché boursier en fonction de divers facteurs tels que les chiffres économiques, les tendances du marché, etc. 

À retenir : Le masque causal aide à identifier et à comprendre les relations causales dans les données, ce qui est crucial pour la prévision et l'analyse des données.",Un masque causal empêche une position de consulter les tokens futurs. Il préserve ainsi la logique de prédiction autoregressive. À retenir : chaque prédiction ne dépend que du passé autorisé.
2,tokenizer,Comment expliquer tokenizer à un débutant ?,"Un tokenizer transforme un texte en tokens puis en identifiants numériques, et permet aussi le décodage inverse. Exemple : une phrase devient une liste d'entiers. À retenir : le tokenizer relie le texte humain aux entrées numériques du modèle.","Un tokenizer est comme un petit robot qui divise les mots dans une phrase en petits morceaux. Imagine que tu as une longue phrase de lettres, comme ""bonjour comment ça va"", et que tu veux séparer chaque lettre en morceaux. Le tokenizer fait ça pour les mots, mais il ne sépare pas les lettres. Il divise simplement les mots en morceaux plus petits, comme ""b"", ""on"", ""g"", etc. C'est important car cela permet aux ordinateurs de comprendre comment les mots sont construits et comment ils peuvent être utilisés correctement. Par exemple, si tu dis ""tokenizer"", le tokenizer diviserait cela en ""t"", ""o"", ""k"", ""e"", ""n"", ""i"", ""s"".","Un tokenizer transforme un texte en tokens puis en identifiants numériques, et permet aussi le décodage inverse. Exemple : une phrase devient une liste d'entiers. À retenir : le tokenizer relie le texte humain aux entrées numériques du modèle."
3,température,Donne une définition courte puis une explication de température.,La température modifie la distribution utilisée pendant l'échantillonnage. Une température basse la concentre ; une température plus élevée augmente la diversité. À retenir : elle contrôle le caractère plus ou moins aléatoire de la génération.,"La température est un concept scientifique qui mesure l'intensité du chaud ou du froid d'un objet ou d'une substance. Elle est généralement mesurée en degrés Celsius, Fahrenheit ou Kelvin.

Explication plus détaillée : La température est un indicateur de la force de l'interaction entre les molécules d'un corps. Plus la température est élevée, plus les molécules sont activées et se déplacent plus rapidement, ce qui signifie qu'ils émettent plus de chaleur. Cela peut être observé dans le cas d'un feu, où les particules de gaz et de vapeur de gaz se déplacent rapidement et émettent de la chaleur. En revanche, lorsque la température est faible, les molécules sont moins actives et se déplacent lentement, ce qui signifie qu'elles émettent moins de chaleur.",La température modifie la distribution utilisée pendant l'échantillonnage. Une température basse la concentre ; une température plus élevée augmente la diversité. À retenir : elle contrôle le caractère plus ou moins aléatoire de la génération.
4,token,Explique-moi simplement token.,"Un token est une unité de texte manipulée par un modèle de langage. Il peut être un mot, une partie de mot ou un signe. Exemple : un mot peut être découpé en plusieurs tokens selon le tokenizer. À retenir : le modèle voit des tokens, pas directement des mots.","Un token, aussi appelé ""tokeniser"", est un élément de base dans la représentation textuelle. Il s'agit d'un mot ou d'une unité de signification spécifique dans le texte. Par exemple, dans le texte ""Je vais à l'école"", ""je"", ""va"", ""à"", ""l"", ""école"" sont tous des tokens. Ils sont utilisés pour séparer les phrases en morceaux plus petits, ce qui facilite la manipulation et l'analyse du texte.","Un token est une unité de texte manipulée par un modèle de langage. Il peut être un mot, une partie de mot ou un signe. Exemple : un mot peut être découpé en plusieurs tokens selon le tokenizer. À retenir : le modèle voit des tokens, pas directement des mots."
5,LoRA,Donne-moi une explication pédagogique de LoRA.,LoRA gèle les principaux poids du modèle et ajoute de petites matrices entraînables de faible rang. À retenir : LoRA adapte un grand modèle avec peu de paramètres entraînables.,"LoRA, ou Low-Rank Adaptation, est un concept important dans le domaine de l'apprentissage automatique et du machine learning. Voici une explication pédagogique :

LoRA est un type d'optimisation utilisée pour améliorer les performances d'apprentissage automatique. Il s'agit d'une méthode qui permet de réduire la taille des modèles d'apprentissage automatique tout en conservant leur efficacité.

Imaginez que vous avez un modèle d'apprentissage automatique très grand, comme un livre volumineux. Cela peut être difficile à manipuler et à stocker. C'est là qu'intervient LoRA. Il s'agit d'un outil qui permet de réduire la taille du modèle tout en gardant ses capacités d'apprentissage.

En pratique, LoRA fonctionne en divisant le modèle en plusieurs parties plus petites (on appelle cela une ""low-rank""). Ces parties sont ensuite ajustées ensemble pour améliorer la performance du modèle",LoRA gèle les principaux poids du modèle et ajoute de petites matrices entraînables de faible rang. À retenir : LoRA adapte un grand modèle avec peu de paramètres entraînables.
6,fenêtre de contexte,Explique le rôle de fenêtre de contexte.,La fenêtre de contexte est la quantité maximale de tokens que le modèle peut traiter dans le contexte considéré. À retenir : elle limite la quantité de texte simultanément accessible.,"Le rôle de la fenêtre de contexte dans les modèles de langage est d'ajuster l'information que le modèle peut accéder. Imaginez que vous êtes dans une bibliothèque et que vous cherchez un livre sur la science-fiction. Si la fenêtre de contexte est grande, le modèle pourrait trouver tous les livres sur la science-fiction, même ceux qui ne sont pas dans la bibliothèque actuelle. Cependant, si la fenêtre de contexte est petite, le modèle ne pourra pas trouver les livres sur la science-fiction qui ne sont pas dans la bibliothèque actuelle.

Dans le monde du langage, cette fenêtre de contexte est similaire. Elle permet aux modèles de comprendre et de produire des phrases plus complexes en fonction de ce qu'ils ont vu ou entendu précédemment. Cela leur permet de s'adapter à différents types de contexte et de répondre de manière plus précise et adaptée.",La fenêtre de contexte est la quantité maximale de tokens que le modèle peut traiter dans le contexte considéré. À retenir : elle limite la quantité de texte simultanément accessible.
7,embedding,Donne une définition courte puis une explication de embedding.,Un embedding est un vecteur numérique représentant un token dans un espace continu. Il fournit au réseau une représentation exploitable du token. À retenir : l'embedding transforme un identifiant discret en vecteur.,"**Définition :** L'embedding est un concept central dans les modèles de langage comme les Deep Learning et les NLP. Il consiste à transformer des informations textuelles ou numériques en vecteurs de dimensionnalité plus faible.

**Explication :** Imaginez que vous avez un livre sur la vie. Pour le comprendre, vous pouvez utiliser des mots-clés comme ""vie"", ""amour"", ""travail"" pour décrire ce livre. Ces mots-clés sont comme des points d'information. Dans l'embedding, ces mots-clés sont transformés en un seul vecteur qui capture toutes les informations contenues dans le livre. Cela permet aux modèles de comprendre et de traiter des phrases complexes en utilisant des vecteurs de dimensionnalité plus petites.

**Exemple concret :** Si vous avez un livre sur la vie, l'embedding pourrait transformer ""vie"" en un vecteur qui capture la notion de vie dans son ensemble, y compris les aspects personnels, professionnels, et philosophiques",Un embedding est un vecteur numérique représentant un token dans un espace continu. Il fournit au réseau une représentation exploitable du token. À retenir : l'embedding transforme un identifiant discret en vecteur.
8,train validation test,Peux-tu définir train validation test ?,"Le train sert à ajuster les paramètres, la validation sert à guider les choix pendant le développement, et le test sert à l'évaluation finale indépendante. À retenir : train apprend, validation guide, test mesure.","Bien sûr ! La division en train-validation-test est un processus courant dans l'apprentissage automatique pour s'assurer que votre modèle apprend bien et ne se trompe pas sur les données qu'il doit utiliser pour apprendre. Voici comment cela fonctionne :

1. **Train (Apprentissage)** : C'est le groupe de données sur lequel vous apprenez votre modèle. Vous utilisez ces données pour entraîner votre modèle.

2. **Validation** : Après avoir entraîné votre modèle, vous divisez vos données de train en deux parties : une partie pour la validation et une autre pour le test. Cette étape permet de vérifier si votre modèle apprend bien et si il peut généraliser correctement à de nouvelles données.

3. **Test** : Enfin, vous utilisez la dernière partie de vos données de train pour tester votre modèle. Cela vous permet d'évaluer son performance réelle sur des données qu'il n'a jamais vu avant.

Cela aide à évaluer la qualité du modèle","Le train sert à ajuster les paramètres, la validation sert à guider les choix pendant le développement, et le test sert à l'évaluation finale indépendante. À retenir : train apprend, validation guide, test mesure."
9,train validation test,Donne une définition courte puis une explication de train validation test.,"Le train sert à ajuster les paramètres, la validation sert à guider les choix pendant le développement, et le test sert à l'évaluation finale indépendante. À retenir : train apprend, validation guide, test mesure.","La **validation** est une étape importante dans le processus de formation d'un modèle. Elle permet de tester la capacité du modèle à prédire de nouvelles données qu'il n'a jamais vu auparavant. 

**Test** est l'étape où nous vérifions si notre modèle peut bien utiliser ce qu'il a appris pour prédire les résultats corrects sur de nouvelles données.

**Validation** se fait en divisant nos données en trois parties : une partie pour entraîner le modèle (apprendre), une autre pour tester le modèle (vérifier ses capacités) et une dernière pour évaluer son rendement final (comparer avec d'autres modèles ou standards).

À retenir : La validation est cruciale car elle permet de s'assurer que notre modèle peut généraliser aux données inconnues.","Le train sert à ajuster les paramètres, la validation sert à guider les choix pendant le développement, et le test sert à l'évaluation finale indépendante. À retenir : train apprend, validation guide, test mesure."
10,attention,Fais un résumé clair de attention.,L'attention permet de pondérer l'importance de différentes positions du contexte pour construire une représentation. À retenir : elle aide le modèle à sélectionner les informations pertinentes.,"Attention est un concept fondamental dans le développement personnel et la gestion du stress. Il s'agit d'une attention concentrée sur le présent moment, sans pensées passées ou futures. 

Pour utiliser l'attention efficacement :

1. **Définissez votre objectif** : Qu'est-ce que vous voulez atteindre ? Cela peut être une tâche, un projet ou simplement une pause.

2. **Écoutez attentivement** : Concentrez-vous sur ce qui est dit ou fait autour de vous. Ne laissez pas passer les informations importantes.

3. **Ne pas interrompre** : Assurez-vous que vous comprenez complètement avant de répondre ou de prendre action.

4. **Utilisez des pauses** : Les pauses sont essentielles pour récupérer l'attention. Elles permettent de se détendre et de revenir à la tâche avec plus de clarté.

5. **Apprenez à vous concentrer** : Apprenez à vous concentrer sur un",L'attention permet de pondérer l'importance de différentes positions du contexte pour construire une représentation. À retenir : elle aide le modèle à sélectionner les informations pertinentes.
11,logits,Donne une définition courte puis une explication de logits.,Les logits sont les scores bruts produits par le modèle avant la conversion en probabilités. La softmax transforme ensuite ces scores en distribution. À retenir : un logit n'est pas encore une probabilité.,"**Définition :** Les **logits** sont des valeurs numériques qui représentent la probabilité d'une certaine classe ou sortie dans un modèle de machine learning. Ils sont utilisés comme entrées pour les fonctions de coût lors de l'optimisation du modèle.

**Explication :** Imagine que tu as un modèle qui prédit quel type de nourriture est dans une boîte à fromages. Le modèle va calculer une probabilité pour chaque type de fromage (comme cheddar, mozzarella, parmesan). Ces probabilités sont appelées logits. Par exemple, si le modèle dit que 80% est probablement un cheddar et 20% une mozzarella, alors les logits seraient 80 et 20. Ces valeurs sont ensuite utilisées pour ajuster les paramètres du modèle pour qu'il soit plus précis dans ses prédictions.",Les logits sont les scores bruts produits par le modèle avant la conversion en probabilités. La softmax transforme ensuite ces scores en distribution. À retenir : un logit n'est pas encore une probabilité.
12,quantification,Pourquoi quantification est-il important ?,La quantification représente certains poids avec une précision numérique réduite afin de diminuer la mémoire utilisée et parfois accélérer l'inférence. À retenir : elle échange de la précision numérique contre des économies de ressources.,"La quantification est importante car elle permet de donner un nombre à des concepts ou des choses. Cela nous aide à évaluer, à comparer et à organiser notre environnement. Par exemple, si vous avez 5 pommes, cela signifie que vous avez plus de pommes que 4 ou 6. Cela nous aide à prendre des décisions basées sur des données concrètes. À retenir : La quantification est essentielle pour la compréhension et l'organisation du monde qui nous entoure.",La quantification représente certains poids avec une précision numérique réduite afin de diminuer la mémoire utilisée et parfois accélérer l'inférence. À retenir : elle échange de la précision numérique contre des économies de ressources.
13,fine-tuning,Quelle est l'idée principale derrière fine-tuning ?,Le fine-tuning poursuit l'entraînement d'un modèle pré-entraîné sur des données ciblées pour l'adapter à une tâche ou un domaine. À retenir : il spécialise un modèle existant.,"L'idée principale derrière le fine-tuning est d'utiliser un modèle pré-entraîné pour apprendre à nouveau des informations spécifiques sur un nouveau sujet ou dans un nouveau contexte. 

Imagine que tu as un modèle qui a été entraîné sur un grand volume de données pour faire des prédicitions. Si maintenant tu veux qu'il apprenne à faire des prédicitions sur un autre sujet, comme les prix des actions, tu peux ""fine-tune"" le modèle pour qu'il puisse apprendre ces nouvelles informations.

Cela fonctionne en augmentant la taille du dataset que le modèle a déjà vu, ce qui permet à l'algorithme de s'adapter à de nouveaux types de données. C'est comme si tu changeais la couleur de la peinture d'un tableau existant pour qu'il puisse représenter mieux une nouvelle scène.

Un exemple concret serait de créer un modèle de langue pour parler français. Après avoir entraîné ce modèle sur des milliers de phrases en français,",Le fine-tuning poursuit l'entraînement d'un modèle pré-entraîné sur des données ciblées pour l'adapter à une tâche ou un domaine. À retenir : il spécialise un modèle existant.
14,surapprentissage,Donne une définition courte puis une explication de surapprentissage.,Le surapprentissage apparaît lorsqu'un modèle s'adapte trop aux données d'entraînement et généralise moins bien à de nouvelles données. À retenir : il faut surveiller la validation pour contrôler la généralisation.,"Surapprentissage est un concept dans l'apprentissage automatique où un modèle apprend à partir de données plus grandes que celles utilisées pour le former. Cela permet d'augmenter la précision et la fiabilité du modèle. Par exemple, un modèle de reconnaissance d'images peut être entraîné sur des images de personnes de tous les âges et tailles, ce qui lui permet de mieux reconnaître des personnes indépendamment de leur taille ou de leur âge. À retenir : Surapprentissage permet d'améliorer la performance d'un modèle en l'entraînant sur des données plus riches.",Le surapprentissage apparaît lorsqu'un modèle s'adapte trop aux données d'entraînement et généralise moins bien à de nouvelles données. À retenir : il faut surveiller la validation pour contrôler la généralisation.
15,attention,C'est quoi attention en NLP ?,L'attention permet de pondérer l'importance de différentes positions du contexte pour construire une représentation. À retenir : elle aide le modèle à sélectionner les informations pertinentes.,"En NLP (Neuro-Linguistic Programming), l'attention est un concept central qui concerne comment nous percevons et gérons les informations. C'est la capacité d'orienter notre attention vers certaines informations plutôt que d'autres.

L'attention peut être vue comme un fil conducteur qui guide notre pensée et notre comportement. Elle joue un rôle crucial dans le processus d'apprentissage et de changement, car elle permet à notre cerveau de se concentrer sur les informations importantes.

Par exemple, imaginez que vous êtes dans une salle remplie de gens parlant. Si vous avez une attention forte, vous pourriez choisir de vous concentrer sur les conversations autour de vous plutôt que de vous concentrer sur les détails de la pièce ou sur vos propres sentiments. Cela vous aiderait à rester attentif aux autres personnes et à leur conversation.

À retenir : L'attention est un outil puissant pour gérer notre attention et nos interactions avec les autres.",L'attention permet de pondérer l'importance de différentes positions du contexte pour construire une représentation. À retenir : elle aide le modèle à sélectionner les informations pertinentes.
16,pré-entraînement,Peux-tu définir pré-entraînement ?,"Le pré-entraînement apprend des régularités générales à partir d'un grand corpus, souvent avec un objectif auto-supervisé. À retenir : il construit les capacités générales du modèle.","Bien sûr ! Pré-entraînement est un concept important dans l'apprentissage automatique et le machine learning. Il s'agit d'un processus où les algorithmes sont entraînés sur un grand volume de données non structurées ou semi-structurées avant qu'ils ne soient utilisés pour traiter des données plus spécifiques.

En d'autres termes, avant d'être utilisés pour apprendre à analyser des données telles que des textes, images ou sonores, les algorithmes sont généralement entraînés sur un ensemble de données plus large. Cela permet aux algorithmes de s'adapter à différents types de données et de comprendre la structure et le contenu général de ces données.

Un exemple concret pourrait être l'entraînement d'un modèle de reconnaissance de langage naturel (NLU) sur un corpus de documents diversifiés avant de l'utiliser pour comprendre et interpréter des messages écrits.","Le pré-entraînement apprend des régularités générales à partir d'un grand corpus, souvent avec un objectif auto-supervisé. À retenir : il construit les capacités générales du modèle."
17,modèle de langage,Pourquoi modèle de langage est-il important ?,Un modèle de langage apprend des régularités dans le texte afin d'estimer des probabilités sur des tokens. Un modèle causal prédit le token suivant à partir du contexte précédent. À retenir : la génération procède token après token.,"Le modèle de langage est important car il permet à l'intelligence artificielle d'imiter la façon dont nous parlons et écrivons. Il aide les systèmes à comprendre et à produire du texte de manière naturelle, ce qui est crucial pour des applications telles que le chatbot, les assistants virtuels ou même les interfaces utilisateur (UI) de logiciels. Par exemple, un modèle de langage peut comprendre et reproduire des phrases courantes, comme ""Je vais au cinéma demain"" ou ""Je suis fatigué"", ce qui rend ces interactions plus fluides et naturelles pour l'utilisateur.",Un modèle de langage apprend des régularités dans le texte afin d'estimer des probabilités sur des tokens. Un modèle causal prédit le token suivant à partir du contexte précédent. À retenir : la génération procède token après token.
18,température,Peux-tu définir température ?,La température modifie la distribution utilisée pendant l'échantillonnage. Une température basse la concentre ; une température plus élevée augmente la diversité. À retenir : elle contrôle le caractère plus ou moins aléatoire de la génération.,"La température est un concept scientifique qui mesure l'intensité du chaud ou du froid d'un objet ou d'une substance. Elle est généralement exprimée en degrés Celsius, Fahrenheit ou Kelvin. 

Imagine que tu as un bol de café chaud. Si tu le portes à la main, il devient plus chaud. C'est parce que la température augmente. Cela signifie que les molécules dans le café sont en mouvement plus rapidement et donc plus chaudes.

En résumé, la température est un indicateur de la force du mouvement des molécules dans un système. Plus la température est élevée, plus les molécules bougent plus vite.",La température modifie la distribution utilisée pendant l'échantillonnage. Une température basse la concentre ; une température plus élevée augmente la diversité. À retenir : elle contrôle le caractère plus ou moins aléatoire de la génération.
19,embedding,"Je ne comprends pas embedding, peux-tu m'aider ?",Un embedding est un vecteur numérique représentant un token dans un espace continu. Il fournit au réseau une représentation exploitable du token. À retenir : l'embedding transforme un identifiant discret en vecteur.,"Bien sûr ! L'embedding est un concept important dans l'apprentissage automatique, notamment dans les modèles de langage comme les transformers. Voici une explication simple :

L'embedding est un processus qui transforme des informations textuelles ou numériques en vecteurs de grande dimension. Ces vecteurs sont utilisés pour représenter les mots ou les phrases dans un modèle de langage.

Imaginez que vous avez un vocabulaire de 1000 mots. Pour chaque mot, vous pouvez créer un vecteur de 1000 dimensions. Cela signifie que chaque mot sera représenté par un point dans un espace de 1000 dimensions. C'est ce qu'on appelle un embedding.

Ces embeddings sont importants car ils permettent aux modèles de transformer facilement les mots entre eux. Par exemple, si vous voulez dire ""le chat noir"", le modèle peut utiliser son embedding du mot ""chat"" et son embedding du mot ""noir"" pour former un nouveau vecteur qui représente ""le chat noir",Un embedding est un vecteur numérique représentant un token dans un espace continu. Il fournit au réseau une représentation exploitable du token. À retenir : l'embedding transforme un identifiant discret en vecteur.
20,logits,Que signifie logits dans les modèles de langage ?,Les logits sont les scores bruts produits par le modèle avant la conversion en probabilités. La softmax transforme ensuite ces scores en distribution. À retenir : un logit n'est pas encore une probabilité.,"Les logits sont des valeurs numériques qui représentent la probabilité d'une certaine classe ou sortie dans un modèle de langage. Ils sont utilisés comme entrées pour le réseau de neurones dans les algorithmes de machine learning, notamment dans les modèles de langage comme l'ARN (Attention-based Recurrent Neural Network) ou l'ELMo (Embeddings of Language Models). 

Par exemple, dans un modèle de langage basé sur un réseau de neurones, chaque logit représente la probabilité que le modèle prédit une lettre spécifique dans une séquence de lettres. Ces valeurs sont ensuite utilisées pour former des vecteurs d'entrée pour le réseau de neurones suivant.

À retenir : Les logits sont des valeurs numériques qui représentent la probabilité d'une certaine classe dans un modèle de langage.",Les logits sont les scores bruts produits par le modèle avant la conversion en probabilités. La softmax transforme ensuite ces scores en distribution. À retenir : un logit n'est pas encore une probabilité.
