id,modele,concept,question,reference,prediction,rougeL_f1,keyword_coverage
1,Qwen2.5-1.5B + QLoRA,masque causal,C'est quoi masque causal en NLP ?,Un masque causal empêche une position de consulter les tokens futurs. Il préserve ainsi la logique de prédiction autoregressive. À retenir : chaque prédiction ne dépend que du passé autorisé.,Un masque causal empêche une position de consulter les tokens futurs. Il préserve ainsi la logique de prédiction autoregressive. À retenir : chaque prédiction ne dépend que du passé autorisé.,1.0,0.75
2,Qwen2.5-1.5B + QLoRA,tokenizer,Comment expliquer tokenizer à un débutant ?,"Un tokenizer transforme un texte en tokens puis en identifiants numériques, et permet aussi le décodage inverse. Exemple : une phrase devient une liste d'entiers. À retenir : le tokenizer relie le texte humain aux entrées numériques du modèle.","Un tokenizer transforme un texte en tokens puis en identifiants numériques, et permet aussi le décodage inverse. Exemple : une phrase devient une liste d'entiers. À retenir : le tokenizer relie le texte humain aux entrées numériques du modèle.",1.0,1.0
3,Qwen2.5-1.5B + QLoRA,température,Donne une définition courte puis une explication de température.,La température modifie la distribution utilisée pendant l'échantillonnage. Une température basse la concentre ; une température plus élevée augmente la diversité. À retenir : elle contrôle le caractère plus ou moins aléatoire de la génération.,La température modifie la distribution utilisée pendant l'échantillonnage. Une température basse la concentre ; une température plus élevée augmente la diversité. À retenir : elle contrôle le caractère plus ou moins aléatoire de la génération.,1.0,0.75
4,Qwen2.5-1.5B + QLoRA,token,Explique-moi simplement token.,"Un token est une unité de texte manipulée par un modèle de langage. Il peut être un mot, une partie de mot ou un signe. Exemple : un mot peut être découpé en plusieurs tokens selon le tokenizer. À retenir : le modèle voit des tokens, pas directement des mots.","Un token est une unité de texte manipulée par un modèle de langage. Il peut être un mot, une partie de mot ou un signe. Exemple : un mot peut être découpé en plusieurs tokens selon le tokenizer. À retenir : le modèle voit des tokens, pas directement des mots.",1.0,1.0
5,Qwen2.5-1.5B + QLoRA,LoRA,Donne-moi une explication pédagogique de LoRA.,LoRA gèle les principaux poids du modèle et ajoute de petites matrices entraînables de faible rang. À retenir : LoRA adapte un grand modèle avec peu de paramètres entraînables.,LoRA gèle les principaux poids du modèle et ajoute de petites matrices entraînables de faible rang. À retenir : LoRA adapte un grand modèle avec peu de paramètres entraînables.,1.0,0.75
6,Qwen2.5-1.5B + QLoRA,fenêtre de contexte,Explique le rôle de fenêtre de contexte.,La fenêtre de contexte est la quantité maximale de tokens que le modèle peut traiter dans le contexte considéré. À retenir : elle limite la quantité de texte simultanément accessible.,La fenêtre de contexte est la quantité maximale de tokens que le modèle peut traiter dans le contexte considéré. À retenir : elle limite la quantité de texte simultanément accessible.,1.0,0.75
7,Qwen2.5-1.5B + QLoRA,embedding,Donne une définition courte puis une explication de embedding.,Un embedding est un vecteur numérique représentant un token dans un espace continu. Il fournit au réseau une représentation exploitable du token. À retenir : l'embedding transforme un identifiant discret en vecteur.,Un embedding est un vecteur numérique représentant un token dans un espace continu. Il fournit au réseau une représentation exploitable du token. À retenir : l'embedding transforme un identifiant discret en vecteur.,1.0,1.0
8,Qwen2.5-1.5B + QLoRA,train validation test,Peux-tu définir train validation test ?,"Le train sert à ajuster les paramètres, la validation sert à guider les choix pendant le développement, et le test sert à l'évaluation finale indépendante. À retenir : train apprend, validation guide, test mesure.","Le train sert à ajuster les paramètres, la validation sert à guider les choix pendant le développement, et le test sert à l'évaluation finale indépendante. À retenir : train apprend, validation guide, test mesure.",1.0,0.75
9,Qwen2.5-1.5B + QLoRA,train validation test,Donne une définition courte puis une explication de train validation test.,"Le train sert à ajuster les paramètres, la validation sert à guider les choix pendant le développement, et le test sert à l'évaluation finale indépendante. À retenir : train apprend, validation guide, test mesure.","Le train sert à ajuster les paramètres, la validation sert à guider les choix pendant le développement, et le test sert à l'évaluation finale indépendante. À retenir : train apprend, validation guide, test mesure.",1.0,0.75
10,Qwen2.5-1.5B + QLoRA,attention,Fais un résumé clair de attention.,L'attention permet de pondérer l'importance de différentes positions du contexte pour construire une représentation. À retenir : elle aide le modèle à sélectionner les informations pertinentes.,L'attention permet de pondérer l'importance de différentes positions du contexte pour construire une représentation. À retenir : elle aide le modèle à sélectionner les informations pertinentes.,1.0,1.0
11,Qwen2.5-1.5B + QLoRA,logits,Donne une définition courte puis une explication de logits.,Les logits sont les scores bruts produits par le modèle avant la conversion en probabilités. La softmax transforme ensuite ces scores en distribution. À retenir : un logit n'est pas encore une probabilité.,Les logits sont les scores bruts produits par le modèle avant la conversion en probabilités. La softmax transforme ensuite ces scores en distribution. À retenir : un logit n'est pas encore une probabilité.,1.0,1.0
12,Qwen2.5-1.5B + QLoRA,quantification,Pourquoi quantification est-il important ?,La quantification représente certains poids avec une précision numérique réduite afin de diminuer la mémoire utilisée et parfois accélérer l'inférence. À retenir : elle échange de la précision numérique contre des économies de ressources.,La quantification représente certains poids avec une précision numérique réduite afin de diminuer la mémoire utilisée et parfois accélérer l'inférence. À retenir : elle échange de la précision numérique contre des économies de ressources.,1.0,0.75
13,Qwen2.5-1.5B + QLoRA,fine-tuning,Quelle est l'idée principale derrière fine-tuning ?,Le fine-tuning poursuit l'entraînement d'un modèle pré-entraîné sur des données ciblées pour l'adapter à une tâche ou un domaine. À retenir : il spécialise un modèle existant.,Le fine-tuning poursuit l'entraînement d'un modèle pré-entraîné sur des données ciblées pour l'adapter à une tâche ou un domaine. À retenir : il spécialise un modèle existant.,1.0,0.5
14,Qwen2.5-1.5B + QLoRA,surapprentissage,Donne une définition courte puis une explication de surapprentissage.,Le surapprentissage apparaît lorsqu'un modèle s'adapte trop aux données d'entraînement et généralise moins bien à de nouvelles données. À retenir : il faut surveiller la validation pour contrôler la généralisation.,Le surapprentissage apparaît lorsqu'un modèle s'adapte trop aux données d'entraînement et généralise moins bien à de nouvelles données. À retenir : il faut surveiller la validation pour contrôler la généralisation.,1.0,0.75
15,Qwen2.5-1.5B + QLoRA,attention,C'est quoi attention en NLP ?,L'attention permet de pondérer l'importance de différentes positions du contexte pour construire une représentation. À retenir : elle aide le modèle à sélectionner les informations pertinentes.,L'attention permet de pondérer l'importance de différentes positions du contexte pour construire une représentation. À retenir : elle aide le modèle à sélectionner les informations pertinentes.,1.0,1.0
16,Qwen2.5-1.5B + QLoRA,pré-entraînement,Peux-tu définir pré-entraînement ?,"Le pré-entraînement apprend des régularités générales à partir d'un grand corpus, souvent avec un objectif auto-supervisé. À retenir : il construit les capacités générales du modèle.","Le pré-entraînement apprend des régularités générales à partir d'un grand corpus, souvent avec un objectif auto-supervisé. À retenir : il construit les capacités générales du modèle.",1.0,0.5
17,Qwen2.5-1.5B + QLoRA,modèle de langage,Pourquoi modèle de langage est-il important ?,Un modèle de langage apprend des régularités dans le texte afin d'estimer des probabilités sur des tokens. Un modèle causal prédit le token suivant à partir du contexte précédent. À retenir : la génération procède token après token.,Un modèle de langage apprend des régularités dans le texte afin d'estimer des probabilités sur des tokens. Un modèle causal prédit le token suivant à partir du contexte précédent. À retenir : la génération procède token après token.,1.0,1.0
18,Qwen2.5-1.5B + QLoRA,température,Peux-tu définir température ?,La température modifie la distribution utilisée pendant l'échantillonnage. Une température basse la concentre ; une température plus élevée augmente la diversité. À retenir : elle contrôle le caractère plus ou moins aléatoire de la génération.,La température modifie la distribution utilisée pendant l'échantillonnage. Une température basse la concentre ; une température plus élevée augmente la diversité. À retenir : elle contrôle le caractère plus ou moins aléatoire de la génération.,1.0,0.75
19,Qwen2.5-1.5B + QLoRA,embedding,"Je ne comprends pas embedding, peux-tu m'aider ?",Un embedding est un vecteur numérique représentant un token dans un espace continu. Il fournit au réseau une représentation exploitable du token. À retenir : l'embedding transforme un identifiant discret en vecteur.,Un embedding est un vecteur numérique représentant un token dans un espace continu. Il fournit au réseau une représentation exploitable du token. À retenir : l'embedding transforme un identifiant discret en vecteur.,1.0,1.0
20,Qwen2.5-1.5B + QLoRA,logits,Que signifie logits dans les modèles de langage ?,Les logits sont les scores bruts produits par le modèle avant la conversion en probabilités. La softmax transforme ensuite ces scores en distribution. À retenir : un logit n'est pas encore une probabilité.,Les logits sont les scores bruts produits par le modèle avant la conversion en probabilités. La softmax transforme ensuite ces scores en distribution. À retenir : un logit n'est pas encore une probabilité.,1.0,1.0
